fold,model,roc_auc,auprc,f1,sensitivity,specificity,precision,accuracy
0,Tuned XGBoost,0.8888180272108843,0.7574137581758088,0.75,0.7959183673469388,0.8333333333333334,0.7090909090909091,0.8206896551724138
0,Plain XGBoost,0.8696853741496597,0.748889631195907,0.7157894736842105,0.6938775510204082,0.875,0.7391304347826086,0.8137931034482758
0,Logistic Regression,0.8847789115646258,0.8136214096652274,0.6956521739130435,0.6530612244897959,0.8854166666666666,0.7441860465116279,0.8068965517241379
0,Random Forest,0.8660714285714285,0.7235806039942454,0.7422680412371134,0.7346938775510204,0.875,0.75,0.8275862068965517
0,SVM (RBF),0.863095238095238,0.7189219843833407,0.6506024096385542,0.5510204081632653,0.9270833333333334,0.7941176470588235,0.8
1,Tuned XGBoost,0.8692010309278351,0.7792866523629333,0.7407407407407407,0.8333333333333334,0.7938144329896907,0.6666666666666666,0.8068965517241379
1,Plain XGBoost,0.8294673539518901,0.6512510383122214,0.6862745098039216,0.7291666666666666,0.8041237113402062,0.6481481481481481,0.7793103448275862
1,Logistic Regression,0.8509450171821306,0.759706807991095,0.6391752577319587,0.6458333333333334,0.8144329896907216,0.6326530612244898,0.7586206896551724
1,Random Forest,0.8614690721649484,0.7489025200066972,0.7307692307692307,0.7916666666666666,0.8144329896907216,0.6785714285714286,0.8068965517241379
1,SVM (RBF),0.8281786941580755,0.7119065834061393,0.6206896551724138,0.5625,0.8762886597938144,0.6923076923076923,0.7724137931034483
2,Tuned XGBoost,0.8679123711340206,0.7390152998886017,0.7878787878787878,0.8125,0.8762886597938144,0.7647058823529411,0.8551724137931035
2,Plain XGBoost,0.8361254295532646,0.7146938987536132,0.7346938775510204,0.75,0.8556701030927835,0.72,0.8206896551724138
2,Logistic Regression,0.845790378006873,0.6928015774917736,0.6818181818181818,0.625,0.8969072164948454,0.75,0.8068965517241379
2,Random Forest,0.8297895189003437,0.7143953389513119,0.6956521739130435,0.6666666666666666,0.8762886597938144,0.7272727272727273,0.8068965517241379
2,SVM (RBF),0.80090206185567,0.6571269904425205,0.5925925925925926,0.5,0.9072164948453608,0.7272727272727273,0.7724137931034483
3,Tuned XGBoost,0.9248281786941581,0.8631603868877261,0.7551020408163265,0.7708333333333334,0.865979381443299,0.74,0.8344827586206897
3,Plain XGBoost,0.9100085910652921,0.8571575601408558,0.7333333333333333,0.6875,0.9072164948453608,0.7857142857142857,0.8344827586206897
3,Logistic Regression,0.8700601374570446,0.82930486986007,0.7777777777777778,0.7291666666666666,0.9278350515463918,0.8333333333333334,0.8620689655172413
3,Random Forest,0.8905713058419243,0.8191270998035196,0.6938775510204082,0.7083333333333334,0.8350515463917526,0.68,0.7931034482758621
3,SVM (RBF),0.8501932989690723,0.7915041676995751,0.6746987951807228,0.5833333333333334,0.9278350515463918,0.8,0.8137931034482758
4,Tuned XGBoost,0.873926116838488,0.7916683875681977,0.693069306930693,0.7291666666666666,0.8144329896907216,0.660377358490566,0.7862068965517242
4,Plain XGBoost,0.8550257731958764,0.7819209146983938,0.6597938144329897,0.6666666666666666,0.8247422680412371,0.6530612244897959,0.7724137931034483
4,Logistic Regression,0.8303264604810997,0.7420608236209192,0.6046511627906976,0.5416666666666666,0.8762886597938144,0.6842105263157895,0.7655172413793103
4,Random Forest,0.8634020618556701,0.7729589692535762,0.6526315789473685,0.6458333333333334,0.8350515463917526,0.6595744680851063,0.7724137931034483
4,SVM (RBF),0.8541666666666666,0.7769500921453996,0.6206896551724138,0.5625,0.8762886597938144,0.6923076923076923,0.7724137931034483
