rank,probeset,gene_symbol,gene_title,entrez_id,chromosome,gain,splits (weight),mean_log2_rejection,mean_log2_non_rejection,log2_fold_change,higher_in
1,11723069_at,GABBR1 /// UBD,"gamma-aminobutyric acid (GABA) B receptor, 1 /// ubiquitin D",2550 /// 10537,chr6p21.3 /// chr6p21.31,72.646,2,10.117,8.574,1.543,rejection
2,11760144_x_at,HLA-F,"major histocompatibility complex, class I, F",3134,chr6p21.3,71.88,1,8.57,7.753,0.818,rejection
3,11729649_at,PRF1,perforin 1 (pore forming protein),5551,chr10q22,53.255,9,7.441,6.544,0.897,rejection
4,11720298_at,CXCL10,chemokine (C-X-C motif) ligand 10,3627,chr4q21,48.653,3,9.683,7.439,2.243,rejection
5,11749245_a_at,CXCL11,chemokine (C-X-C motif) ligand 11,6373,chr4q21.2,48.279,6,7.751,5.065,2.686,rejection
6,11732466_a_at,CXCL11,chemokine (C-X-C motif) ligand 11,6373,chr4q21.2,44.758,9,7.128,4.537,2.592,rejection
7,11719943_at,CXCL9,chemokine (C-X-C motif) ligand 9,4283,chr4q21,42.117,15,10.782,8.253,2.528,rejection
8,11753484_x_at,KLRD1,"killer cell lectin-like receptor subfamily D, member 1",3824,chr12p13,42.017,5,7.369,6.104,1.265,rejection
9,11740451_a_at,KLRD1,"killer cell lectin-like receptor subfamily D, member 1",3824,chr12p13,41.259,2,7.107,5.846,1.261,rejection
10,11743168_at,IDO1,"indoleamine 2,3-dioxygenase 1",3620,chr8p12-p11,40.884,3,8.698,6.856,1.842,rejection
11,11727116_a_at,PLA1A,phospholipase A1 member A,51365,chr3q13.13-q13.2,39.971,33,8.936,7.947,0.989,rejection
12,11718983_x_at,CCL4 /// CCL4L1 /// CCL4L2,chemokine (C-C motif) ligand 4 /// chemokine (C-C motif) ligand 4-like 1 /// chemokine (C-C motif) ligand 4-like 2,6351 /// 9560 /// 388372,chr17q12,38.944,8,8.338,6.286,2.052,rejection
13,11718982_s_at,CCL4 /// CCL4L1 /// CCL4L2,chemokine (C-C motif) ligand 4 /// chemokine (C-C motif) ligand 4-like 1 /// chemokine (C-C motif) ligand 4-like 2,6351 /// 9560 /// 388372,chr17q12,36.23,7,9.037,6.766,2.272,rejection
14,11740452_x_at,KLRD1,"killer cell lectin-like receptor subfamily D, member 1",3824,chr12p13,35.259,8,7.013,5.676,1.336,rejection
15,11749595_a_at,GBP4,guanylate binding protein 4,115361,chr1p22.2,28.02,2,5.064,4.12,0.943,rejection
16,11761790_x_at,TRDC,T cell receptor delta constant,28526,chr14q11,23.691,1,6.785,5.424,1.361,rejection
17,11726287_a_at,WARS,tryptophanyl-tRNA synthetase,7453,chr14q32.31,21.615,2,10.08,9.168,0.912,rejection
18,11746954_s_at,CCL4 /// CCL4L1 /// CCL4L2,chemokine (C-C motif) ligand 4 /// chemokine (C-C motif) ligand 4-like 1 /// chemokine (C-C motif) ligand 4-like 2,6351 /// 9560 /// 388372,chr17q12,20.84,8,8.035,6.279,1.755,rejection
19,11753535_x_at,KLRD1,"killer cell lectin-like receptor subfamily D, member 1",3824,chr12p13,20.527,3,6.292,5.174,1.118,rejection
20,11729751_a_at,LPAR1,lysophosphatidic acid receptor 1,1902,chr9q31.3,19.302,1,6.887,6.816,0.071,rejection
